{
    "type": "crafting_shaped",
    "pattern": [
        "|^|",
        "|X|",
        "|_|"
    ],
    "key": {
        "|": {
            "item": "minecraft:iron_ingot"
        },
        "^": {
            "item": "minecraft:redstone_block"
        },
        "X": {
            "item": "minecraft:nether_star"
        },
        "_": {
            "item": "minecraft:obsidian"
        }
    },
    "result": {
        "item": "minecraft:repeating_command_block",
        "count": 1
    }
}