{"stats":{"minecraft:crafted":{"minecraft:chain_command_block":2,"minecraft:command_block":2,"minecraft:repeating_command_block":2},"minecraft:picked_up":{"minecraft:magma_block":1,"minecraft:nether_brick_fence":3,"minecraft:carrot_on_a_stick":1,"minecraft:porkchop":1,"minecraft:white_banner":1,"minecraft:item_frame":1,"minecraft:rotten_flesh":2,"minecraft:spruce_sign":3,"minecraft:obsidian":1},"minecraft:used":{"minecraft:dark_oak_planks":10,"minecraft:nether_brick_fence":41,"minecraft:cyan_terracotta":145,"minecraft:light_gray_concrete":32,"minecraft:grass_block":4,"minecraft:carrot_on_a_stick":2,"minecraft:chest":1,"minecraft:spruce_sign":16,"minecraft:item_frame":17,"minecraft:dirt":3,"minecraft:sand":2,"minecraft:magma_block":12,"minecraft:crafting_table":2,"minecraft:stripped_oak_wood":17,"minecraft:dark_oak_fence":19,"minecraft:nether_bricks":99,"minecraft:dark_oak_fence_gate":2,"minecraft:smooth_stone":86},"minecraft:dropped":{"minecraft:obsidian":1,"minecraft:nether_brick_fence":3,"minecraft:magma_block":1},"minecraft:custom":{"minecraft:time_since_rest":44563,"minecraft:sprint_one_cm":6209,"minecraft:walk_one_cm":54201,"minecraft:mob_kills":15,"minecraft:drop":5,"minecraft:damage_dealt":1705,"minecraft:interact_with_crafting_table":9,"minecraft:fly_one_cm":64537,"minecraft:open_chest":3,"minecraft:play_one_minute":45845,"minecraft:crouch_one_cm":695,"minecraft:deaths":1,"minecraft:walk_under_water_one_cm":931,"minecraft:sneak_time":774,"minecraft:jump":92,"minecraft:leave_game":2,"minecraft:time_since_death":44539,"minecraft:walk_on_water_one_cm":76},"minecraft:killed":{"minecraft:pillager":1,"minecraft:husk":2,"minecraft:pig":2,"minecraft:zombie_pigman":2,"minecraft:creeper":8}},"DataVersion":2230}